,,y,45.485863:9.204311,45.484798:9.236503,45.480534:9.298468,45.485889:9.328165,45.494045:9.374685,45.501945:9.421198,45.508553:9.456241,45.512848:9.480724,45.515289:9.511779,45.521809:9.580534,45.515404:9.589248,45.524223:9.641889,45.51712:9.704816,45.523571:9.752721,45.532928:9.84272,45.539047:9.926984,45.55209:10.001603,45.546036:10.074248,45.547115:10.152826,45.543087:10.190549,45.532478:10.212693,45.473892:10.408881,45.457436:10.486663,45.463078:10.536762,45.43856:10.702348,45.432068:10.757462,45.429119:10.982466,45.435684:11.018761,45.42152:11.090751,45.414398:11.169887,45.402618:11.27402,45.41309:11.345217,45.452003:11.389471,45.511784:11.454341,45.541523:11.544859,45.518757:11.635707,45.486698:11.711554,45.457935:11.773937,45.417294:11.87918,45.430141:11.954026,45.443626:12.021114,45.453354:12.072126,45.46278:12.118692,45.482632:12.231911,45.472229:12.256086,45.440285:12.321061
,,y,45.060791:7.677212,45.072735:7.66614,45.121353:7.712059,45.13937:7.769222,45.178604:7.841057,45.193576:7.889471,45.201893:7.933011,45.211906:7.970265,45.232349:8.01384,45.253712:8.039804,45.285:8.078611,45.309258:8.116414,45.343853:8.17467,45.363363:8.179278,45.35321:8.249719,45.328808:8.416799,45.389809:8.50418,45.450745:8.624548,45.428608:8.739028,45.467957:8.881514,45.481129:8.918267,45.491096:8.947678,45.507755:8.996531,45.52417:9.043439,45.521217:9.088295,45.506767:9.134102,45.512196:9.214032,45.485863:9.204311
,,y,45.541523:11.544859,45.605289:11.672659,45.624226:11.721148,45.635235:11.748947,45.643944:11.789017,45.65303:11.827062,45.655666:11.856668,45.666576:11.941953,45.670422:12.014227,45.676552:12.103055,45.669281:12.161565,45.660145:12.245548
,,y,45.429119:10.982466,45.392429:10.914745,45.350548:10.849163,45.307613:10.823958,45.252663:10.796664,45.187542:10.78616,45.158512:10.783317,45.125488:10.761173,45.064308:10.750895,45.049332:10.752354,44.994396:10.755776,44.972412:10.77725,44.93779:10.817473,44.916008:10.842074,44.885792:10.867661,44.783772:10.891441,44.654518:10.92998
,,y,46.141403:12.209791,46.09586:12.086794,46.077728:12.042952,46.039089:11.978723,46.01302:11.911476,45.927647:11.941602,45.902918:11.944574,45.874722:11.96629,45.850105:12.005691,45.834465:12.012128,45.776337:12.05355,45.747807:12.102875,45.716072:12.148401,45.690842:12.182744,45.660145:12.245548
,,y,45.142391:10.018455,45.136917:10.113945,45.137156:10.189852,45.137474:10.286887,45.127369:10.371212,45.107342:10.473222,45.124317:10.534492,45.122475:10.573182,45.129864:10.604553,45.14463:10.648531,45.158512:10.783317
,,y,45.532478:10.212693,45.490402:10.211492,45.429493:10.184348,45.356762:10.13396,45.325027:10.083604,45.26001:10.069903,45.232231:10.030993,45.142391:10.018455
,,y,45.188892:9.145389,45.188576:9.144836,45.178225:9.220834,45.172478:9.261732,45.164303:9.317552,45.159412:9.375516,45.160503:9.401196,45.162495:9.449015,45.160557:9.492188,45.164188:9.527378,45.166607:9.55081,45.169296:9.575951,45.182854:9.653678,45.155079:9.701829,45.170105:9.755382,45.184505:9.790749,45.18429:9.791532,45.17152:9.888385,45.156258:9.956961,45.142391:10.018455
,,y,45.052273:9.706335,45.042183:9.868062,45.075764:9.948828,45.100124:9.982152,45.142391:10.018455
,,y,45.515404:9.589248,45.490677:9.638658,45.44315:9.639859,45.40844:9.631587,45.366467:9.693943,45.34605:9.732082,45.301559:9.767137,45.28334:9.856668,45.255081:9.962504,45.232231:10.030993,45.142391:10.018455
,,y,45.515404:9.589248,45.521809:9.580534,45.575001:9.605366,45.604836:9.61926,45.624882:9.628605,45.659225:9.645352,45.690491:9.674617
,,y,45.690491:9.674617,45.683319:9.724361,45.683773:9.767654,45.670235:9.808559,45.650436:9.847097,45.634266:9.862804,45.601547:9.89645,45.576717:9.93528,45.561272:9.977303,45.55209:10.001603,45.546036:10.074248,45.547115:10.152826,45.543087:10.190549,45.532478:10.212693
,,y,45.856182:9.393225,45.829906:9.412751,45.811405:9.425333,45.801922:9.427097,45.739857:9.474163,45.730236:9.511535,45.720695:9.550966,45.698956:9.584381,45.690491:9.674617
,,y,45.856182:9.393225,45.829906:9.412751,45.811405:9.425333,45.801922:9.427097,45.755974:9.422321,45.72916:9.403659,45.694908:9.397076,45.678844:9.386673,45.653515:9.375286,45.624325:9.323412,45.575962:9.272118
,,y,45.468529:9.175215,45.481125:9.161722,45.502346:9.159293,45.518948:9.14541,45.533169:9.132814,45.545975:9.120069,45.552677:9.112129,45.57122:9.091134,45.579895:9.080286,45.590889:9.066553,45.598591:9.05812,45.612392:9.045122,45.625343:9.030316
,,y,45.625343:9.030316,45.645638:9.001408,45.661282:8.977127,45.677856:8.955113,45.689873:8.936048,45.702175:8.918659,45.710648:8.906716,45.736794:8.895122,45.758148:8.890749,45.777199:8.887047,45.795597:8.878311,45.818077:8.833587,45.816399:8.832586,45.814861:8.811314,45.826496:8.777261,45.835197:8.75104,45.845753:8.714733,45.851669:8.705463,45.860069:8.689842,45.877762:8.673749,45.89222:8.667226,45.908521:8.619183
,,y,45.55706:8.067029,45.569405:8.066996,45.560218:8.097332,45.564995:8.17624,45.537659:8.315958,45.526017:8.379697,45.528967:8.422887,45.520996:8.443872,45.491314:8.490396,45.481451:8.558095,45.450745:8.624548
,,y,45.55706:8.067029,45.547339:8.100242,45.51955:8.08156,45.490105:8.091345,45.445141:8.115501,45.363363:8.179278
,,y,45.734386:7.32217,45.739079:7.470654,45.742897:7.61768,45.659988:7.690366,45.614136:7.741511,45.60284:7.770025,45.590305:7.795349,45.51585:7.864084,45.461155:7.876167,45.382298:7.887154,45.353607:7.886472,45.328312:7.890433,45.305943:7.896889,45.280022:7.877493,45.232704:7.857809,45.193576:7.889471
,,y,45.328808:8.416799,45.306767:8.534317,45.293201:8.597689,45.275005:8.673148,45.251911:8.73236,45.235237:8.800444,45.211452:8.870225,45.198689:8.926523,45.174099:8.990317,45.156742:9.037714,45.145828:9.070154,45.188576:9.144836
,,y,44.908581:8.608204,44.882908:8.682718,44.890427:8.760964,44.89975:8.86199,44.961384:8.930917,44.997795:9.009733,45.016209:9.125306,45.035637:9.179618,45.065716:9.258964,45.079391:9.300603,45.082264:9.358957,45.062992:9.436922,45.062904:9.490792,45.059109:9.549009,45.058548:9.604867,45.052273:9.706335
,,y,44.908581:8.608204,44.972687:8.61106,45.023342:8.626595,45.060123:8.66066,45.111641:8.669772,45.150394:8.684996,45.212532:8.712565,45.251911:8.73236,45.294647:8.707861,45.320629:8.70063,45.351425:8.668907,45.385606:8.666325,45.450745:8.624548
,,y,44.386921:7.53657,44.520504:7.481,44.568905:7.481389,44.59874:7.487172,44.614643:7.490885,44.642799:7.498039,44.651283:7.663277
,,y,45.060791:7.677212,45.027435:7.657042,44.998383:7.678433,44.980629:7.735876,44.920647:7.749257,44.845486:7.719197,44.771255:7.685415,44.70784:7.691659,44.651283:7.663277,44.549976:7.718318,44.505146:7.753582,44.445286:7.777784,44.389576:7.820601,44.374416:7.894748,44.389477:8.032222,44.396988:8.083556,44.406002:8.169714,44.390823:8.192244,44.370449:8.289013,44.368378:8.29589,44.365433:8.325566,44.344498:8.432066,44.306896:8.470201
,,y,45.856182:9.393225,45.900509:9.334459,45.916149:9.319508,45.937649:9.313138,45.961113:9.302245,45.999382:9.292669,46.015263:9.286258,46.041527:9.303487,46.07769:9.306377,46.102833:9.319662,46.123569:9.349779,46.137653:9.37533,46.137535:9.461461,46.135643:9.52446,46.136608:9.568706,46.139553:9.598639,46.162018:9.651402,46.159798:9.742384,46.161697:9.803321,46.167267:9.872842
,,y,44.841049:11.602163,44.777935:11.671364,44.732925:11.736333,44.696625:11.799756,44.616493:11.841921,44.594448:11.87032,44.559868:11.880019,44.540272:11.93597,44.511826:12.039921,44.48333:12.075702,44.463085:12.098372,44.419189:12.208364,44.381992:12.235031,44.306461:12.299613,44.258472:12.347109,44.200638:12.391022,44.170723:12.431953,44.150318:12.460942,44.132019:12.481483,44.106918:12.508798,44.088455:12.533652,44.064514:12.573241
,,y,43.837337:10.506138,43.834263:10.570521,43.831276:10.619252,43.81731:10.672746,43.850853:10.685427,43.886936:10.68598,43.880726:10.730048,43.881451:10.770346,43.879353:10.780635,43.908115:10.851617,43.926846:10.914552,43.912968:11.00844,43.891476:11.07506,43.884609:11.098316,43.879059:11.109302
,,y,43.715828:10.949485,43.694412:10.905878,43.652256:10.945215,43.60556:10.968035,43.547222:11.037698,43.501469:11.108819,43.46804:11.149439,43.408756:11.21231,43.383705:11.274034,43.331741:11.322666
,,y,43.331741:11.322666,43.294338:11.40633,43.306881:11.484983,43.231731:11.56377,43.235802:11.580293,43.28334:11.602474,43.256771:11.706523,43.216255:11.744862,43.174122:11.787665,43.135372:11.856737,43.002464:11.957738
,,y,43.331741:11.322666,43.265263:11.376622,43.250916:11.396084,43.230072:11.419687,43.136185:11.483781,43.113972:11.40044,42.981018:11.359906,42.940189:11.283157,42.957615:11.192966,42.929199:11.118529,42.869518:11.068575,42.767288:11.10647
,,y,43.837337:10.506138,43.821709:10.415833,43.789738:10.419738,43.764835:10.436904,43.723457:10.387723,43.708176:10.398399
,,y,43.210304:12.008035,43.196606:12.079586,43.188251:12.133327,43.159214:12.188145,43.137352:12.202377,43.094841:12.318506,43.083832:12.355628,43.117119:12.356315,43.103897:12.375691,43.091957:12.438068,43.071426:12.547438,43.059017:12.585268,42.984417:12.668931,42.954521:12.711117
,,y,43.309036:13.725958,43.289436:13.646414,43.279095:13.589509,43.286736:13.521338,43.281704:13.478079,43.293324:13.455033,43.291233:13.440313,43.257286:13.417152,43.242481:13.369774,43.214306:13.290714,43.230198:13.183036,43.220295:13.075216,43.21035:13.057467,43.254314:13.015172,43.322033:12.983324,43.345764:12.986355
,,y,42.855362:13.587942,42.850285:13.598918,42.844036:13.633089,42.844959:13.664353,42.861965:13.719563,42.870335:13.7625,42.881531:13.803248,42.894295:13.84994,42.912342:13.897018
,,y,42.570419:12.651293,42.549412:12.625051,42.548168:12.714108,42.504913:12.745986,42.465088:12.775863,42.411671:12.779675,42.395748:12.795274,42.405792:12.86263,42.387325:12.943096,42.364365:12.997226,42.379787:13.017516,42.391602:13.029106,42.409927:13.070801,42.415466:13.076203,42.398777:13.096259,42.377441:13.152609,42.360432:13.189961,42.36058:13.295313,42.351219:13.384995,42.334873:13.464378,42.294487:13.536773,42.250725:13.562472,42.222771:13.604379,42.204868:13.642015,42.197407:13.660898,42.176872:13.711023,42.143471:13.739605,42.098286:13.808699,42.081669:13.88041,42.060795:13.907833
,,y,41.558086:14.664098,41.517776:14.596431,41.49387:14.597853,41.487858:14.474554,41.58812:14.326821,41.598045:14.236554
,,y,41.598045:14.236554,41.56184:14.218825,41.520828:14.122469,41.483086:14.04892,41.420006:14.08892,41.317238:14.104085
,,y,39.318413:16.261118,39.355373:16.244268,39.494503:16.210434,39.538467:16.222397,39.605076:16.208687,39.653435:16.242705,39.707169:16.287436,39.749847:16.456661
,,y,38.921158:16.255344,38.959942:16.284914,38.966751:16.319954,38.923203:16.466788,38.896358:16.598904
,,y,40.609783:8.93446,40.661369:8.728015,40.729324:8.554101,40.8325:8.396559
,,y,39.355373:16.244268,39.359337:16.032915
,,y,40.63414:17.938766,40.563156:17.801998,40.558044:17.717375,40.508144:17.646343,40.523163:17.58469,40.528999:17.424402,40.483646:17.224178
,,y,42.060795:13.907833,42.008076:14.041536,41.993294:14.06913,41.918594:14.105195,41.877262:14.07928,41.8508:14.079162,41.738194:14.04439,41.777409:14.11285,41.769516:14.200221,41.744839:14.238783,41.739529:14.249332,41.712498:14.29979,41.679081:14.341541,41.63961:14.328554,41.58812:14.326821
,,y,45.417294:11.87918,45.355328:11.81144,45.327469:11.796312,45.29097:11.778366,45.245689:11.748,45.181137:11.711344,45.133148:11.748548,45.077763:11.781549,45.005466:11.747609,44.960911:11.738677,44.922848:11.675125,44.899189:11.621346,44.873062:11.612377,44.841049:11.602163,44.795769:11.543691,44.767349:11.483867,44.737652:11.441617,44.697968:11.404457,44.646729:11.379089,44.593563:11.370741,44.577141:11.367416,44.551777:11.353877,44.506145:11.341496
,,y,46.055824:13.241959,46.012909:13.328948,45.989449:13.37225,45.975815:13.397967,45.957176:13.462007,45.938141:13.521852,45.935123:13.547215,45.93293:13.606868,45.87204:13.483551,45.853561:13.485981,45.830257:13.505834,45.806725:13.546679,45.775555:13.644826,45.753998:13.656178,45.70496:13.719671,45.658546:13.771405
,,y,45.440285:12.321061,45.472229:12.256086,45.482632:12.231911,45.50655:12.247364,45.551952:12.32644,45.575195:12.365931,45.613293:12.453952,45.624092:12.499266,45.639961:12.560334,45.688133:12.634097,45.72147:12.683158,45.752544:12.759442,45.781052:12.832073,45.778343:13.001332,45.803661:13.08476,45.816677:13.132235,45.829395:13.203678,45.823895:13.343368,45.806725:13.546679,45.775555:13.644826,45.753998:13.656178,45.70496:13.719671,45.658546:13.771405
,,y,45.440285:12.321061,45.472229:12.256086,45.482632:12.231911,45.513305:12.225733,45.561874:12.233088,45.603634:12.231575,45.626015:12.232504,45.660145:12.245548,45.710369:12.265278,45.77734:12.266106,45.820847:12.258465,45.885113:12.298679,45.91391:12.388841,45.928509:12.433838,45.948479:12.498837,45.967583:12.575279,45.95631:12.65419,45.945488:12.757477,45.95311:12.840657,45.965637:12.977122,46.012604:13.109339,46.055824:13.241959
,,y,45.429119:10.982466,45.520168:10.820615,45.60173:10.851056,45.658199:10.90118,45.694191:10.925732,45.734642:10.958004,45.758652:10.996371,45.808777:11.014931,45.861847:11.000908,45.890713:11.034704,46.07201:11.119065,46.147625:11.099249,46.20723:11.128394,46.245495:11.203256,46.287369:11.232124,46.319237:11.257274,46.360966:11.297594,46.404991:11.316644,46.434635:11.323584,46.495495:11.356231,46.599136:11.53234,46.642834:11.572473,46.710213:11.649871,46.789185:11.610767,46.869118:11.488727,46.897888:11.43673,46.938305:11.441305,47.00256:11.504928
,,y,43.608379:13.498807,43.573013:13.523172,43.49683:13.546829,43.448055:13.619962,43.433537:13.661585,43.360195:13.697882,43.309036:13.725958,43.256733:13.760692,43.179562:13.797277,43.094681:13.844842,43.023369:13.86076,42.993984:13.870164,42.954506:13.882127,42.912342:13.897018,42.834312:13.91736,42.806137:13.938432,42.751621:13.965479,42.677799:14.015197,42.64249:14.041396,42.607582:14.069248,42.558975:14.110565,42.516335:14.151646,42.468315:14.204035,42.458454:14.211513,42.449009:14.219704,42.421368:14.287934,42.394131:14.339122,42.353912:14.407539,42.305691:14.440402,42.228264:14.55276,42.193615:14.632781,42.168587:14.695287,42.079929:14.739532,42.033188:14.851461,42.000805:14.992695,41.957176:15.042821,41.92194:15.156691,41.807629:15.350604,41.776649:15.387855,41.684498:15.392511,41.579288:15.490175,41.465935:15.55582,41.408215:15.650636,41.350361:15.732105,41.315651:15.897126,41.349632:16.090817,41.315235:16.278557,41.272614:16.417807,41.236076:16.498144,41.197224:16.591436,41.181019:16.669189,41.162678:16.737822,41.159763:16.746168,41.151402:16.767349,41.128185:16.826162,41.117764:16.870075,41.117344:16.886833,41.115864:16.89419,41.083015:16.994364,41.057194:17.08094,40.990932:17.218645,40.952003:17.292427,40.851742:17.385769,40.816952:17.456068,40.752758:17.579481,40.737671:17.68288,40.650154:17.81855,40.63414:17.938766,40.489014:18.000664,40.439281:18.045992,40.409637:18.076792,40.345352:18.16555
,,y,43.776581:11.24794,43.787369:11.25,43.785721:11.268668,43.777321:11.276779,43.76894:11.30933,43.782372:11.35864,43.790585:11.394904,43.774071:11.438098,43.742195:11.469662,43.720806:11.452389,43.655834:11.452593,43.621685:11.473675,43.566151:11.526976,43.525284:11.564076,43.480484:11.617548,43.496552:11.660582,43.481518:11.716436,43.460987:11.875534,43.340942:11.914249,43.26152:11.970935,43.210304:12.008035,43.123131:12.032025,43.002464:11.957738,42.874886:12.04137,42.785072:12.03534,42.723293:12.127233,42.591873:12.259669,42.518009:12.294881,42.481834:12.335719,42.437119:12.408557,42.382866:12.437304,42.347166:12.453539,42.297691:12.523212,42.289871:12.568721,42.273148:12.607906,42.242081:12.63329,42.156197:12.648418,42.103523:12.632647,42.063869:12.595718,42.006321:12.520552,41.97908:12.508535,41.955387:12.510638,41.941898:12.516708,41.910854:12.530733,41.900551:12.502055
,,y,45.485863:9.204311,45.484798:9.236503,45.433273:9.238429,45.420114:9.253196,45.405037:9.271778,45.398921:9.279824,45.356487:9.319496,45.341167:9.349955,45.326355:9.402795,45.309292:9.497743,45.223251:9.587202,45.182854:9.653678,45.155079:9.701829,45.121868:9.724102,45.052273:9.706335,45.001709:9.791492,44.975609:9.837227,44.928883:9.91735,44.867733:10.063809,44.836372:10.177031,44.810127:10.328608,44.766373:10.448577,44.69767:10.643349,44.6563:10.78012,44.654518:10.92998,44.597389:11.05643,44.567299:11.146231,44.550983:11.196613,44.506145:11.341496
,,y,44.506145:11.341496,44.462532:11.373081,44.443432:11.357546,44.380558:11.340508,44.32222:11.262124,44.258163:11.18126,44.216141:11.189446,44.043983:11.152325,43.961838:11.13077,43.879059:11.109302,43.856316:11.145201,43.849476:11.161723,43.839725:11.182945,43.833435:11.191775,43.826061:11.20569,43.819618:11.218779,43.800102:11.236396,43.776581:11.24794
,,y,44.506145:11.341496,44.478886:11.416383,44.450821:11.487475,44.43681:11.522925,44.407272:11.597689,44.359467:11.718636,44.325565:11.803672,44.29351:11.88328,44.224113:12.055006,44.194115:12.127801,44.145676:12.248619,44.116631:12.327368,44.095261:12.404047,44.070099:12.454402,44.070721:12.525551,44.064514:12.573241,44.030346:12.618045,43.999012:12.658492,43.977379:12.697197,43.959866:12.745015,43.905964:12.903979,43.84211:13.025944,43.769539:13.137331,43.715256:13.22284,43.677876:13.286773,43.651321:13.346436,43.62986:13.39782,43.618183:13.425399,43.610477:13.45314,43.608379:13.498807
,,y,41.117764:16.870075,41.086521:16.779537,41.045773:16.743486,41.015198:16.719131,40.892803:16.839792,40.796764:16.916468,40.632298:16.921434,40.610874:16.975166,40.601826:17.06518,40.582924:17.107939,40.483646:17.224178
,,y,40.605515:14.983442,40.611015:15.052391,40.595627:15.114076,40.629784:15.236063,40.605434:15.29078,40.600773:15.374197,40.610092:15.447614,40.649948:15.495132,40.700943:15.542071,40.695053:15.570202,40.668457:15.608182,40.640141:15.641989,40.607224:15.707746,40.629639:15.806816,40.588226:15.99781,40.575401:16.020254,40.593212:16.241268,40.583534:16.35066,40.516182:16.475608,40.420822:16.552285,40.397598:16.682224,40.368374:16.815327
,,y,40.852383:14.272571,40.852448:14.272099,40.854362:14.288406,40.831242:14.307858,40.821629:14.321671,40.809803:14.335865,40.78756:14.363138,40.755936:14.406863,40.754051:14.448867,40.747078:14.463801,40.746017:14.501234,40.746029:14.522971,40.746281:14.575295,40.746517:14.617068,40.745274:14.635763,40.745983:14.649485,40.742599:14.672316,40.703613:14.708499,40.674015:14.72816,40.681232:14.762637,40.675316:14.772427
,,y,46.115253:8.296051,46.064693:8.263102,46.043648:8.26056,46.0256:8.260153,46.009304:8.276343,46.00581:8.294601,46.002937:8.327384,45.993977:8.372897,45.960548:8.442607,45.943432:8.471306,45.909176:8.50287,45.884632:8.531837,45.839848:8.572511,45.825279:8.559009,45.795139:8.535934,45.755547:8.559401,45.73003:8.574497,45.723438:8.582082,45.726044:8.628623,45.717342:8.693383,45.685825:8.713982,45.67297:8.747621,45.658508:8.80065,45.616409:8.864851,45.593502:8.912187,45.572536:8.922787,45.552486:8.945174,45.524765:8.996537,45.52417:9.043439,45.521217:9.088295,45.506767:9.134102
,,y,39.2159:9.108358,39.226494:9.097313,39.256931:9.063066,39.264481:9.045213,39.281773:9.013907,39.287731:8.997529,39.290974:8.989542,39.304916:8.965616,39.381508:8.935972,39.425961:8.916639,39.48296:8.899097,39.526173:8.850228,39.546535:8.787688,39.61084:8.740935,39.692581:8.696542,39.752823:8.641026,39.901718:8.604054,39.952576:8.67973,40.077209:8.775351,40.126045:8.815112,40.2188:8.809329,40.267704:8.772454,40.417488:8.76076,40.455666:8.729174,40.609783:8.93446,40.713287:9.108095,40.772484:9.181652,40.829399:9.321856,40.837887:9.403696,40.925156:9.499537,40.99424:9.531189,40.999241:9.553576,41.011318:9.58849,40.995628:9.626261
,,y,44.417538:8.92077,44.406868:8.947399,44.397488:8.981589,44.388592:8.995914,44.385448:9.019969,44.381508:9.039667,44.379223:9.065888,44.377346:9.07707,44.372353:9.090929,44.369789:9.105971,44.362347:9.130411,44.361309:9.146676,44.348267:9.156632,44.336803:9.216499,44.351273:9.231176,44.335499:9.268963,44.315342:9.322371,44.305733:9.346297,44.29356:9.372523,44.276364:9.397452,44.264072:9.429252,44.242455:9.486952,44.217369:9.519053,44.201935:9.555198,44.184967:9.582556,44.174217:9.61603,44.146114:9.648871,44.135136:9.684631,44.119934:9.711163,44.110016:9.727374,44.105263:9.729209,44.111225:9.813838,44.123329:9.840188,44.117786:9.857268,44.126984:9.889133,44.118587:9.914732,44.108913:9.960523,44.07547:10.014467,44.051239:10.062886,44.023773:10.136111,43.977722:10.199368,43.955868:10.229934,43.912209:10.247626,43.873936:10.252733,43.82653:10.290381,43.723457:10.387723,43.708176:10.398399
,,y,40.483646:17.224178,40.517063:17.059296,40.481201:16.965448,40.429291:16.891029,40.368374:16.815327,40.252396:16.70467,40.20713:16.688768,40.130295:16.643988,40.100117:16.615759,40.040691:16.59798,39.972393:16.620382,39.933811:16.603012,39.864723:16.531656,39.810562:16.490437,39.7906:16.479471,39.749847:16.456661,39.628201:16.514918,39.602959:16.641047,39.604794:16.777452,39.578934:16.819233,39.539806:16.86124,39.496857:16.951818,39.44973:17.040609,39.36866:17.117107,39.304176:17.108395,39.227982:17.108332,39.084488:17.108137,39.025906:16.963776,38.933994:16.857239,38.921989:16.813332,38.82188:16.612959,38.777103:16.570473,38.728542:16.541891,38.684345:16.549349,38.62019:16.553519,38.572235:16.567705,38.530323:16.571179,38.480141:16.578789,38.437389:16.574335,38.389072:16.528072,38.343815:16.467175,38.322094:16.407412,38.300419:16.331692,38.270782:16.302101,38.233269:16.264788,38.175728:16.207228,38.149036:16.180392,38.089058:16.153143,38.052635:16.143789,38.016312:16.134281,37.965305:16.102941,37.918987:15.986406,37.930473:15.923899,37.927765:15.874879,37.920048:15.826578,37.916718:15.781249,37.93856:15.710878,37.976986:15.660045,38.005573:15.638641,38.022419:15.644124,38.058601:15.650904,38.0816:15.634435,38.103764:15.635927
,,y,38.187397:15.563404,38.184853:15.561426,38.15987:15.543122,38.15033:15.535741,38.13821:15.527206,38.124046:15.518097,38.104511:15.505609,38.095463:15.502605,38.063797:15.47979,38.04636:15.465531,38.005615:15.42415,37.986084:15.404441,37.970802:15.389303,37.961781:15.38036,37.946217:15.367759,37.924194:15.347632,37.877197:15.302979,37.845325:15.28254,37.821434:15.251266,37.814613:15.226461,37.795204:15.205657,37.755024:15.190144,37.730541:15.193255,37.688793:15.191388,37.662415:15.169745,37.595814:15.161744,37.547184:15.129697,37.534073:15.112617,37.506271:15.099549
,,y,37.506271:15.099549,37.492958:15.074583,37.460415:15.044703,37.340122:14.981425,37.301605:14.996059,37.243301:15.21857,37.157825:15.197209,37.109562:15.245848,37.068893:15.280995
,,y,45.808838:9.072953,45.777252:9.073184,45.740746:9.081116,45.716251:9.099475,45.696377:9.107881,45.669342:9.132892,45.646084:9.202964,45.620823:9.217873,45.60638:9.23491,45.575962:9.272118,45.542534:9.240661,45.512196:9.214032,45.485863:9.204311
,,y,45.485863:9.204311,45.484798:9.236503,45.433273:9.238429,45.359833:9.221893,45.320061:9.19031,45.256351:9.153996,45.188892:9.145389,45.144123:9.115005,45.086823:9.111532,45.050251:9.07014,44.997795:9.009733
,,y,40.852383:14.272571,40.907677:14.298749,40.940102:14.263644,40.949162:14.247272,40.97324:14.21839,40.999447:14.242369,41.036022:14.28772,41.062294:14.303142,41.068554:14.328296,41.079594:14.418912,41.138088:14.460218,41.192791:14.479712,41.21122:14.52354,41.210461:14.571433,41.219761:14.648359,41.214077:14.696478,41.141869:14.770303,41.140671:14.919708,41.215565:15.027773,41.182053:15.11752,41.230675:15.16698,41.241978:15.277686,41.278328:15.369063,41.39743:15.59572,41.465935:15.55582
,,y,38.109135:13.367422,38.093025:13.392656,38.086433:13.451332,38.089767:13.507261,38.082512:13.530736,38.060516:13.536728,38.048344:13.554382,38.015682:13.612651,37.996281:13.655759,37.979904:13.703755,37.966759:13.774828,37.992577:13.876762,38.0116:13.928325,38.032948:14.019949,38.014507:14.108473,38.018089:14.176108,38.009884:14.228539,38.017754:14.351095,38.03479:14.442848,38.058498:14.587666,38.073906:14.641664,38.094223:14.676093,38.116978:14.70314,38.158047:14.744811,38.159336:14.830256,38.174946:14.89458,38.174126:14.944088,38.146858:14.975588,38.128403:15.056639,38.119629:15.080774,38.137611:15.170531,38.153828:15.199327,38.197838:15.258261,38.199615:15.288903,38.20219:15.31267,38.211185:15.348018,38.218002:15.367062,38.228504:15.40589,38.233486:15.429161,38.184853:15.561426
,,y,46.506336:13.607275,46.502529:13.495073,46.504166:13.303242,46.373524:13.132868,46.33189:13.135335,46.274284:13.128061,46.23119:13.1619,46.209507:13.195953,46.159119:13.234947,46.055824:13.241959
,,y,42.437119:12.408557,42.478966:12.442789,42.496609:12.474879,42.53196:12.519822,42.570419:12.651293
,,y,42.570419:12.651293,42.648228:12.637689,42.727402:12.665009,42.74799:12.736459,42.789589:12.755513,42.827404:12.761371,42.87455:12.734721,42.954521:12.711117,42.983963:12.737365,43.056454:12.75481,43.100922:12.766564,43.181839:12.784025,43.233307:12.767358,43.287968:12.757219,43.345467:12.905459,43.345764:12.986355,43.402935:12.977321,43.44516:13.027532,43.481075:13.083816,43.499973:13.148103,43.501324:13.185297,43.52058:13.252033,43.595901:13.328047,43.606949:13.357058,43.626259:13.381584,43.62986:13.39782,43.618183:13.425399,43.610477:13.45314,43.608379:13.498807
,,y,40.852383:14.272571,40.907677:14.298749,40.940102:14.263644,40.949162:14.247272,40.97324:14.21839,40.992161:14.171827,40.996143:14.128611,41.004906:14.067435,41.063637:14.028457,41.123604:13.971589,41.195957:13.875518,41.257664:13.720765,41.258728:13.606417,41.270794:13.546476,41.337929:13.423104,41.349045:13.364396,41.422054:13.186458,41.495689:13.038583,41.538296:12.945811,41.587063:12.827714,41.642422:12.649298,41.705906:12.573606,41.806892:12.558639,41.900551:12.502055
,,y,41.900551:12.502055,41.910854:12.530733,41.897549:12.545475,41.899738:12.557448,41.903053:12.57195,41.907131:12.594452,41.910183:12.610352,41.911987:12.619429,41.91515:12.636037,41.923386:12.667215,41.949661:12.722104,41.993435:12.725494,42.000244:12.791669,41.963123:12.804089,41.988453:12.864733,42.011997:12.891769,42.016937:12.92395,42.026726:12.990818,42.046265:13.013413,42.067772:13.044355,42.095501:13.080189,42.097202:13.150613,42.097046:13.217111,42.070633:13.255686,42.049183:13.308198,42.05315:13.344172,42.059483:13.372593,42.039524:13.426602,42.077068:13.54345,42.062164:13.581328,42.061195:13.598102,42.060398:13.629624,42.037468:13.668988,42.026169:13.719746,42.040752:13.776501,42.082855:13.783153,42.053642:13.83463,42.016731:13.835145,42.030186:13.859543,42.060795:13.907833,42.101807:13.876977,42.172943:13.826787,42.194229:13.848878,42.226707:13.904507,42.243633:13.938378,42.254078:13.951628,42.267105:13.99905,42.287235:14.01944,42.30534:14.060397,42.357243:14.13846,42.444176:14.206964,42.458454:14.211513,42.468315:14.204035
,,y,41.900551:12.502055,41.830753:12.568789,41.803612:12.599616,41.825989:12.670337,41.832279:12.729861,41.837658:12.758088,41.822678:12.826602,41.783016:12.889827,41.774536:12.922307,41.739361:13.003907,41.709251:13.096175,41.687561:13.144197,41.666695:13.196146,41.65601:13.24743,41.625507:13.328347,41.573887:13.336211,41.532822:13.410788,41.524773:13.529835,41.527744:13.546035,41.526859:13.645538,41.507164:13.704114,41.484406:13.832388,41.447617:13.8623,41.43877:13.910193,41.407497:13.986497,41.358932:14.045141,41.317238:14.104085,41.265129:14.124899,41.2318:14.07707,41.18568:14.093013,41.173874:14.160497,41.101135:14.210343,41.073498:14.254096,41.068554:14.328296,41.035957:14.380524,40.994267:14.419148,40.939777:14.373025,40.914753:14.352511,40.854362:14.288406,40.852383:14.272571
,,y,43.554161:10.336483,43.495461:10.329123,43.454929:10.372725,43.404587:10.414385,43.387947:10.438181,43.352661:10.47033,43.310566:10.513959,43.24469:10.550652,43.168644:10.563762,43.100395:10.53974,43.017262:10.586615,42.967632:10.667338,42.92664:10.755696,42.942005:10.836779,42.948036:10.933502,42.869518:11.068575,42.767288:11.10647,42.564644:11.164523,42.50219:11.211446,42.450474:11.249163,42.407993:11.371193,42.334599:11.59534,42.23951:11.726961,42.088669:11.798158,42.035717:11.863003,42.020988:11.967459,41.97908:12.047968,41.953457:12.081614,41.92495:12.181993,41.878746:12.238145,41.882965:12.393758,41.896225:12.454526,41.872452:12.466135,41.872772:12.483945,41.879532:12.523127,41.900551:12.502055
,,y,40.675316:14.772427,40.640026:14.873321,40.616539:14.947296,40.605515:14.983442,40.454433:15.013536,40.421619:15.01485,40.351662:15.001938,40.252739:15.134182,40.22858:15.159352,40.140976:15.172462,40.091385:15.243595,40.097031:15.299277,40.10294:15.394571,40.099018:15.48119,40.076431:15.527952,40.078022:15.626636,40.035023:15.672104,39.994492:15.709966,39.956795:15.737014,39.901047:15.780272,39.808105:15.801258,39.766598:15.822437,39.739716:15.821064,39.676342:15.82498,39.617573:15.852617,39.55748:15.874268,39.512501:15.939124,39.492302:15.953028,39.463963:15.979421,39.409691:16.011457,39.359337:16.032915,39.313148:16.045487,39.277374:16.056636,39.246395:16.058966,39.211384:16.06126,39.163624:16.06448,39.134319:16.068383,39.068699:16.09083,39.015781:16.11971,38.970863:16.149775,38.921158:16.255344,38.867859:16.276523,38.839985:16.260957,38.714581:16.139945,38.576824:16.059437,38.488567:15.970184,38.423386:15.897303,38.365097:15.844517,38.282593:15.800207,38.258537:15.755875,38.251022:15.710653,38.233849:15.653565,38.216602:15.634189,38.18578:15.641098,38.164864:15.651054,38.150604:15.658779,38.12632:15.652696,38.115009:15.649681,38.103764:15.635927
,,y,45.060791:7.677212,45.027435:7.657042,44.998383:7.678433,44.980629:7.735876,44.966483:7.773471,44.965363:7.841324,44.962894:7.947052,44.952236:7.977199,44.908657:8.043537,44.899143:8.091238,44.878909:8.125994,44.895283:8.207535,44.878876:8.31344,44.875214:8.351497,44.893306:8.43691,44.918121:8.513109,44.908581:8.608204,44.840378:8.68395,44.761864:8.786446,44.72364:8.858167,44.69175:8.884562,44.6632:8.904594,44.65773:8.923543,44.64658:8.957452,44.614635:8.949394,44.588776:8.93778,44.575459:8.943304,44.538887:8.930469,44.510952:8.91326,44.494408:8.90569,44.482838:8.899763,44.458595:8.900239,44.436599:8.890944,44.413292:8.887339,44.40937:8.901216,44.417538:8.92077
,,y,45.060791:7.677212,45.066994:7.6026,45.078688:7.574649,45.091226:7.523674,45.077808:7.462403,45.085403:7.400799,45.100994:7.361084,45.107124:7.317358,45.108921:7.275747,45.123764:7.235857,45.131358:7.2002,45.13866:7.141056,45.124641:7.060315,45.119957:6.988243,45.074188:6.888084,45.041847:6.784949,45.076389:6.709651
,,y,43.776581:11.24794,43.800102:11.236396,43.789764:11.173514,43.785496:11.141708,43.775585:11.095719,43.733307:11.019008,43.715828:10.949485,43.701351:10.831479,43.690544:10.760186,43.662277:10.628897,43.67453:10.545223,43.680847:10.516212,43.685997:10.487158,43.708176:10.398399,43.554161:10.336483
,,y,45.429119:10.982466,45.33889:10.988152,45.268459:11.012914,45.177418:11.074278,45.071507:11.141188,44.980766:11.12473,44.891663:11.111856,44.835239:11.140233,44.787514:11.143607,44.718998:11.152775,44.643879:11.18891,44.575928:11.243327,44.543995:11.267552,44.506145:11.341496
,,y,44.417538:8.92077,44.40937:8.901216,44.413292:8.887339,44.414761:8.86483,44.422379:8.84762,44.426071:8.816915,44.426762:8.785565,44.4286:8.758121,44.416218:8.713918,44.403191:8.678083,44.389851:8.643794,44.356873:8.566546,44.342419:8.542385,44.334747:8.511958,44.306896:8.470201,44.279236:8.434539,44.226475:8.41131,44.168732:8.340534,44.157944:8.309081,44.145569:8.277383,44.122593:8.254379,44.109013:8.242418,44.098564:8.234309,44.04895:8.222384,44.007828:8.171768,43.977482:8.157729,43.951584:8.139706,43.924175:8.10937,43.90976:8.078915,43.892067:8.039208,43.880615:8.018719,43.843861:7.853218,43.821434:7.791365,43.778645:7.663632,43.788082:7.635166,43.792526:7.608869
,,n,45.512196:9.214032,45.484798:9.236503
,,n,38.488567:15.970184,38.549408:15.933781,38.58033:15.897281,38.630753:15.839839,38.663849:15.859655,38.672409:15.89462,38.683414:15.92509,38.713676:15.976396,38.725246:16.025169,38.713745:16.120291,38.72625:16.150459,38.777473:16.214618,38.839985:16.260957
,,n,45.541523:11.544859,45.565727:11.56786,45.599873:11.570316,45.635807:11.54532,45.657612:11.524442,45.700108:11.477134,45.707546:11.420564,45.711063:11.356075
,,n,45.429119:10.982466,45.392429:10.914745,45.268459:11.012914,45.254799:11.124251,45.195895:11.214517,45.189175:11.304889,45.153088:11.349112,45.120625:11.406072,45.094658:11.485266,45.081917:11.591756,45.038589:11.642547,45.04604:11.696556,45.077763:11.781549
,,n,45.417294:11.87918,45.45237:11.890723,45.505421:11.901018,45.542015:11.917455,45.568909:11.92909,45.586258:11.905992,45.607742:11.853388,45.643944:11.789017,45.702232:11.784897,45.7202:11.775732,45.767216:11.741155
,,n,46.07201:11.119065,46.053974:11.135716,46.046741:11.134859,46.045944:11.139203,46.073071:11.151517,46.062935:11.233071,46.039414:11.233585,46.00737:11.240212,45.997318:11.265235,46.006039:11.304975,46.036396:11.39831,46.051216:11.453966,46.052296:11.463418,46.047569:11.531584,46.015381:11.625472,45.989868:11.669303,45.965797:11.700619,45.920059:11.729846,45.897446:11.691586,45.860096:11.661008,45.838169:11.69155,45.814774:11.721578,45.767216:11.741155,45.732094:11.795817,45.68874:11.877339,45.666576:11.941953,45.63427:11.963758,45.609215:12.00023,45.580379:12.038226,45.553596:12.074865,45.535172:12.111087,45.515472:12.150074,45.489498:12.175909,45.482632:12.231911
,,n,46.141403:12.209791,46.182209:12.278586,46.245258:12.297874,46.267704:12.301575,46.325535:12.319643,46.386177:12.352763,46.445465:12.388814
,,n,45.776337:12.05355,45.708271:11.991931,45.666576:11.941953,45.568909:11.92909
,,n,45.660145:12.245548,45.677803:12.329873,45.686497:12.376741,45.706409:12.43909,45.719666:12.460892,45.775539:12.489757,45.78437:12.55372,45.778778:12.60721,45.800255:12.683415,45.781052:12.832073
,,n,46.182209:12.278586,46.137081:12.316552,46.094543:12.323699,45.989552:12.293707,45.97765:12.298083,45.885113:12.298679
,,n,45.95311:12.840657,45.942398:12.83577,45.911228:12.852373,45.850677:12.877977,45.810101:12.859211,45.781052:12.832073
,,n,46.055824:13.241959,45.999348:13.250864,45.974449:13.261946,45.953655:13.274939,45.933109:13.287739,45.906406:13.296289,45.887482:13.304803,45.855106:13.317232,45.823895:13.343368
,,n,46.274284:13.128061,46.220604:13.010527,46.215908:12.996494,46.17931:12.950435,45.95311:12.840657
,,n,45.948479:12.498837,45.958885:12.514737,46.031616:12.537471,46.064426:12.590493,46.147686:12.657108,46.170067:12.714014,46.187168:12.770598,46.200703:12.804286,46.187073:12.876663,46.17931:12.950435
,,n,45.158512:10.783317,45.150578:10.831039,45.177444:10.893171,45.183857:10.975506,45.184772:11.008753,45.177418:11.074278,45.188496:11.152435,45.195895:11.214517,45.189175:11.304889,45.217388:11.362352,45.230286:11.396921,45.228519:11.459405,45.222797:11.53513,45.221889:11.60664,45.221027:11.663092,45.245689:11.748
,,n,45.077763:11.781549,45.050545:11.87086,45.043148:11.913007,45.060764:11.995104,45.060444:12.054234,45.059792:12.191703,45.075314:12.240082,45.111362:12.249112,45.146126:12.266984,45.209286:12.275205
,,n,45.532478:10.212693,45.490402:10.211492,45.450706:10.238914,45.409508:10.280113,45.373749:10.332084,45.347099:10.348928,45.315403:10.36343,45.278389:10.378475,45.258034:10.387745,45.220486:10.402686,45.149349:10.370911,45.127369:10.371212,45.076328:10.376818,44.992962:10.424738,44.966698:10.398871,44.927799:10.382901,44.885712:10.362779,44.810127:10.328608
,,n,44.867733:10.063809,44.849747:10.037888,44.819183:9.98889
,,n,44.867733:10.063809,44.9151:10.044229,44.974815:10.038843,45.028362:9.993181,45.070656:9.985907,45.100124:9.982152,45.142391:10.018455
,,n,45.575962:9.272118,45.581562:9.282868,45.603245:9.305087,45.621429:9.301316,45.632767:9.297953,45.644108:9.287224,45.658966:9.266839,45.676407:9.252134,45.690357:9.26172,45.702763:9.283058,45.728844:9.279709,45.747017:9.280775,45.763363:9.28437,45.780636:9.301493
,,n,45.328808:8.416799,45.134231:8.460323,45.086643:8.521572,45.039612:8.571796,45.023342:8.626595
,,n,45.816399:8.832586,45.847332:8.838586,45.858704:8.862469,45.870113:8.888271,45.903999:8.900397
,,n,45.816399:8.832586,45.770515:8.819275,45.744347:8.810434,45.723282:8.805986,45.697666:8.803482,45.658508:8.80065
,,n,45.908521:8.619183,45.874596:8.63095,45.842815:8.662905,45.809315:8.696043,45.782833:8.700957,45.730152:8.734328,45.695568:8.761725,45.658508:8.80065
,,n,45.450745:8.624548,45.480553:8.611339,45.539139:8.479152,45.549942:8.459258,45.573872:8.436089,45.595535:8.417813,45.6301:8.385028,45.646496:8.371229,45.683418:8.334192,45.716064:8.283089,45.763412:8.267264,45.814125:8.258969
,,n,45.450745:8.624548,45.480553:8.611339,45.518883:8.590585,45.574482:8.556671,45.598965:8.536892,45.620461:8.51934,45.645489:8.499255,45.700844:8.468227,45.746578:8.431771,45.757282:8.440504,45.796253:8.422222,45.819923:8.40754,45.872917:8.412978,45.898113:8.414296,45.932098:8.430401,45.9702:8.415322,45.993977:8.372897,46.002937:8.327384,46.00581:8.294601,46.009304:8.276343,46.0256:8.260153,46.043648:8.26056,46.064693:8.263102,46.115253:8.296051
,,n,45.450745:8.624548,45.480553:8.611339,45.568634:8.634401,45.597164:8.633738,45.630688:8.628565,45.650311:8.635061,45.677405:8.638489,45.710816:8.638349,45.726044:8.628623,45.77182:8.605492,45.811759:8.621226,45.864679:8.62986,45.908521:8.619183,45.947105:8.664046,45.958355:8.674092,45.995682:8.735375
,,n,45.646084:9.202964,45.642384:9.266788,45.644108:9.287224,45.644676:9.309346,45.653515:9.375286,45.678375:9.439176,45.684315:9.470014,45.688606:9.536186,45.698956:9.584381
,,n,45.547115:10.152826,45.566135:10.118365,45.586956:10.08694,45.590076:10.063519,45.590088:10.033113,45.62167:10.019076,45.634808:10.034981,45.656498:10.050173,45.674671:10.079269,45.689484:10.100555,45.712772:10.111713,45.738403:10.093431,45.753407:10.082359,45.787247:10.088239,45.806381:10.105426,45.840031:10.138803,45.85918:10.158174,45.884365:10.18085,45.89201:10.190455,45.916122:10.220986,45.928867:10.240402,45.942913:10.268086,45.958961:10.30707,45.981308:10.325646,45.995941:10.339177,46.030876:10.34612,46.053398:10.348907,46.072456:10.349894,46.09008:10.31496,46.118713:10.316826,46.163246:10.351267,46.177261:10.329501
,,n,45.55263:10.001983,45.565743:10.006037,45.578842:10.033436,45.590088:10.033113
,,n,45.601547:9.89645,45.645332:9.933465,45.665054:9.952692
,,n,45.502346:9.159293,45.517563:9.165044,45.52874:9.171279,45.542065:9.173455,45.549671:9.173112,45.564919:9.161214,45.581074:9.156632,45.595722:9.152942,45.611546:9.14144,45.631663:9.141807,45.647694:9.140582,45.662361:9.158955,45.675922:9.168262,45.693558:9.181301,45.70583:9.199031,45.718502:9.210223,45.7402:9.224524,45.761597:9.238386,45.778833:9.242782,45.812801:9.229856,45.821651:9.227518,45.829136:9.225652,45.83511:9.232228,45.848892:9.270272,45.855213:9.26847
,,n,45.647694:9.140582,45.669342:9.132892
,,n,45.625343:9.030316,45.651428:9.036287,45.665726:9.038293,45.698711:9.036421,45.711079:9.040101,45.729923:9.040902,45.746563:9.04707,45.759094:9.050342,45.78154:9.055649,45.784584:9.079213,45.804955:9.090913,45.814087:9.084036
,,n,45.606022:8.851397,45.608395:8.755658,45.628052:8.710881
,,n,45.451794:8.626156,45.4809:8.691551,45.506405:8.717756,45.518875:8.726927,45.528057:8.738937,45.555229:8.772576,45.577522:8.787518,45.606022:8.851397,45.613556:8.893948,45.622765:8.946231,45.625343:9.030316,45.624897:9.079331,45.627483:9.100903,45.6293:9.11717,45.63929:9.1669,45.646084:9.202964
,,n,45.734386:7.32217,45.717617:7.258325,45.708771:7.232078,45.706551:7.213704,45.704117:7.166663,45.706299:7.133865,45.730034:7.08662,45.74474:7.062004,45.757408:7.034222,45.763889:6.993563
,,n,45.086823:9.111532,45.072838:9.137235,45.072754:9.170387,45.072445:9.205127,45.065716:9.258964,45.079391:9.300603
,,n,45.060123:8.66066,45.095139:8.742296,45.117764:8.798916,45.112038:8.862878,45.10535:8.905315,45.116028:8.95939,45.124519:8.999734,45.133747:9.030665,45.138382:9.047078,45.145828:9.070154,45.188892:9.145389
,,n,45.630688:8.628565,45.668915:8.620448,45.691964:8.602434,45.73003:8.574497
,,n,45.73003:8.574497,45.713612:8.56614,45.700844:8.468227,45.678452:8.458915,45.6301:8.385028,45.611467:8.364442,45.537659:8.315958,45.473087:8.26487,45.363363:8.179278
,,n,45.832626:9.029045,45.808838:9.072953
,,n,45.193576:7.889471,45.166767:7.955148,45.160801:7.99683,45.158348:8.01966,45.154015:8.048731,45.121021:8.059308,45.083469:8.069423,45.074309:8.08392,45.067535:8.10702,45.038685:8.110213,45.00007:8.108682,44.978245:8.125662,44.965702:8.129384,44.948124:8.147767,44.895283:8.207535
,,n,44.980629:7.735876,45.007088:7.823463
,,n,45.027435:7.657042,45.000805:7.668685,44.99231:7.641795,44.960335:7.602815,44.937782:7.54019,44.927704:7.483276,44.921619:7.426188,44.891478:7.347617,44.888229:7.336352,44.825653:7.304278,44.809769:7.28627,44.815365:7.247728,44.81921:7.226557
,,n,45.251911:8.73236,45.18951:8.610722,45.179787:8.592626,45.134231:8.460323,45.101486:8.41233,45.107189:8.371852,45.101242:8.307627,45.032761:8.236864,45.01302:8.216839,44.985336:8.22173,44.957244:8.224232,44.895283:8.207535
,,n,44.908581:8.608204,44.86668:8.501812,44.831245:8.470356,44.820217:8.461102,44.797836:8.440026,44.798454:8.421009,44.803959:8.387193,44.773026:8.360995,44.738819:8.331891,44.714882:8.288098,44.717361:8.240629,44.735714:8.227232,44.749622:8.152941,44.723602:8.119686,44.697975:8.030828,44.708961:8.026113,44.708504:7.962184,44.696449:7.914748,44.702057:7.892966,44.693645:7.84969,44.69536:7.747507,44.70784:7.691659
,,n,44.895283:8.207535,44.841507:8.212662,44.827522:8.218111,44.818554:8.240266,44.795273:8.249281,44.773026:8.360995,44.776215:8.400243,44.751945:8.446663,44.722683:8.440677,44.672665:8.473576,44.662819:8.501894,44.648289:8.548242,44.620728:8.610404,44.637486:8.646483,44.568123:8.667945,44.530567:8.701515,44.471706:8.735247,44.458183:8.773001,44.441887:8.823309,44.433674:8.845797,44.435078:8.86668,44.413292:8.887339
,,n,44.908581:8.608204,44.836006:8.538851,44.751282:8.533078,44.697807:8.525455,44.672665:8.473576,44.667717:8.425346,44.659187:8.370167,44.62939:8.365638,44.60107:8.35202,44.569145:8.330083,44.537415:8.317799,44.517998:8.298037,44.486111:8.309241,44.44783:8.308572,44.42749:8.295477,44.394695:8.278547,44.370449:8.289013
,,n,44.908581:8.608204,44.843414:8.589498,44.751499:8.651456,44.68771:8.663084,44.675224:8.655965,44.645515:8.644168,44.637486:8.646483
,,n,44.386921:7.53657,44.394243:7.555869,44.36655:7.645408,44.377426:7.683866,44.385181:7.717102,44.389576:7.820601
,,n,44.386921:7.53657,44.326744:7.486486,44.314205:7.48468,44.296654:7.510409,44.244465:7.535597,44.203442:7.577734,43.880051:7.534457,43.870834:7.553279,43.825157:7.578831,43.792526:7.608869
,,n,44.306896:8.470201,44.336311:8.332787,44.370449:8.289013
,,n,44.845486:7.719197,44.770927:7.777183,44.748211:7.796691,44.722183:7.820117,44.693645:7.84969,44.389477:8.032222
,,n,44.549976:7.718318,44.497501:7.589336,44.386921:7.53657
,,n,45.193576:7.889471,45.201893:7.933011,45.192722:7.971017,45.192036:8.024074,45.191406:8.10111,45.192211:8.189,45.188717:8.232768,45.189785:8.294157,45.167801:8.366047,45.174228:8.40084,45.134231:8.460323
,,n,45.453377:9.169822,45.443001:9.131699,45.434825:9.105177,45.430402:9.09161,45.420506:9.066811,45.408726:9.03192,45.40464:8.969854,45.398964:8.920244,45.31279:8.86174,45.278629:8.776488,45.251911:8.73236
,,n,45.856182:9.393225,45.846554:9.367854,45.831028:9.352938,45.815529:9.360539,45.788784:9.337843,45.780636:9.301493,45.78632:9.275574,45.787529:9.25523,45.778833:9.242782,45.765076:9.202643,45.753719:9.18191,45.753048:9.129767,45.777485:9.0958,45.777252:9.073184,45.808838:9.072953
,,n,46.137653:9.37533,46.171497:9.432248,46.196968:9.452269,46.220631:9.446109,46.243553:9.427159,46.274235:9.397617,46.307339:9.397509,46.319645:9.405439
,,n,46.167267:9.872842,46.16835:9.927035,46.163544:9.979019,46.16468:9.988739,46.159798:10.029102,46.162148:10.082793,46.180305:10.113623,46.202694:10.137695,46.21545:10.167734
,,n,46.495495:11.356231,46.473633:11.326266,46.491776:11.28715,46.508553:11.265192,46.528473:11.248654,46.554211:11.220442,46.57674:11.196785,46.609516:11.181614,46.656624:11.148376,46.673328:11.14997
,,n,44.389477:8.032222,44.33913:8.061149,44.307293:8.046251,44.258869:8.022899,44.247555:8.022622,44.212315:8.014556,44.200802:8.01628,44.184086:7.991008,44.147896:7.914479
,,n,44.325565:11.803672,44.356304:11.849098,44.387383:11.878173,44.414154:11.914469,44.41217:11.969368,44.379055:12.031531,44.389297:12.07126,44.419189:12.208364
,,n,44.419189:12.208364,44.389297:12.07126,44.379055:12.031531,44.357349:11.937439,44.29351:11.88328
,,n,44.414154:11.914469,44.386967:11.938083,44.357349:11.937439
,,n,43.776581:11.24794,43.787369:11.25,43.790436:11.267488,43.818333:11.295619,43.830341:11.307861,43.906063:11.283098,43.937061:11.303344,43.958225:11.322656,43.959801:11.380312,44.009426:11.434187,44.041847:11.548401,44.068348:11.602249,44.079792:11.619147,44.092999:11.636351,44.113132:11.666987,44.143661:11.687458,44.183128:11.697328,44.203251:11.727605,44.220592:11.769785,44.29351:11.88328
,,n,43.959801:11.380312,43.953686:11.398659,43.93346:11.457753,43.893501:11.519181,43.865307:11.531474,43.842522:11.497005,43.82225:11.48513,43.774071:11.438098
,,n,44.506145:11.341496,44.514839:11.28459,44.503441:11.274574,44.482719:11.272659,44.474247:11.276028,44.443638:11.274934,44.422928:11.269022,44.394459:11.253508,44.363396:11.216043,44.34127:11.207364,44.332272:11.188679,44.310768:11.161659,44.282703:11.114323,44.254475:11.103412,44.229763:11.053684,44.177746:10.980636,44.156181:10.977911,44.128662:10.990791,44.099838:10.960472,44.086136:10.948176,44.055058:10.907021,44.028118:10.914896,44.012386:10.915389,43.994186:10.919874,43.966042:10.909767,43.933708:10.903963,43.926846:10.914552
,,n,43.837337:10.506138,43.875065:10.531039,43.908367:10.534172,43.9594:10.507822,43.977238:10.541312,44.003456:10.551746,44.027645:10.510225,44.045039:10.474324,44.068111:10.452043,44.09013:10.455068,44.118587:10.444275,44.116337:10.409009,44.146862:10.367639,44.148491:10.350628,44.161396:10.334766,44.182587:10.296668,44.194344:10.19381,44.170235:10.153652,44.165623:10.123837,44.191135:10.109192,44.20269:10.091769,44.202309:10.060982,44.210464:9.970393
,,n,43.698441:10.398506,43.708176:10.398399
,,n,43.837337:10.506138,43.829899:10.4071,43.859116:10.346149,43.873936:10.252733
,,n,43.310566:10.513959,43.339504:10.582108,43.328518:10.662811,43.335003:10.742494,43.359978:10.809753
,,n,42.424469:12.10659,42.412403:12.110136,42.331669:12.085162,42.303722:12.088909,42.244881:12.157402,42.166729:12.138026,42.127678:12.134925,42.103668:12.173259,42.079517:12.204116,42.067455:12.293229,42.062138:12.32704,42.015091:12.363267,42.001995:12.38125,41.98531:12.403414,41.968967:12.4085,41.960354:12.410216,41.947205:12.416332,41.939175:12.42146,41.927799:12.4269,41.919857:12.436588,41.912968:12.438744,41.903046:12.441684,41.896225:12.454526
,,n,42.424469:12.10659,42.520573:12.049685,42.515083:12.170238,42.545208:12.234435,42.546379:12.25409,42.518009:12.294881
,,n,42.660511:13.715755,42.69566:13.792831,42.705864:13.837956,42.706699:13.876323,42.710667:13.908857,42.751621:13.965479
,,n,42.039524:13.426602,41.970329:13.399125,41.960767:13.391905,41.95882:13.39139,41.940922:13.412075,41.916962:13.42451,41.870743:13.458982,41.851971:13.488008,41.833267:13.525873,41.817986:13.545043,41.80941:13.556753,41.789799:13.57805,41.756809:13.607801,41.716045:13.617918,41.682465:13.581762,41.648129:13.600388,41.628979:13.594036,41.618458:13.562429,41.609379:13.556635,41.583714:13.571865,41.556812:13.60131,41.526859:13.645538
,,n,41.315235:16.278557,41.294613:16.146173,41.218563:16.053852,41.081703:16.074943,40.953331:16.086618
,,n,41.141869:14.770303,41.134544:14.779862,41.123425:14.784341,41.084866:14.789523,41.050053:14.77777,41.014973:14.78498,41.013721:14.816104,40.989155:14.842401,40.92123:14.820771
,,n,41.141869:14.770303,41.188488:14.83326,41.211483:14.78756,41.237545:14.788553,41.247314:14.764783,41.29443:14.711219,41.341015:14.677552,41.371124:14.705511,41.413933:14.657473,41.445118:14.646782,41.49387:14.597853,41.517776:14.596431,41.558086:14.664098
,,n,43.017262:10.586615,42.996517:10.540599,42.924629:10.530138,42.928589:10.544686
,,n,41.558086:14.664098,41.621296:14.699514,41.642162:14.765019,41.670273:14.844667,41.711582:14.858762,41.738174:14.849634,41.801804:14.918135,42.000805:14.992695
,,n,40.92123:14.820771,40.874447:14.853564,40.85881:14.860168,40.834297:14.844042,40.819981:14.757552,40.783077:14.760014,40.776286:14.722154,40.771615:14.694965,40.769772:14.681278,40.767628:14.665557,40.794785:14.631324,40.812534:14.613136,40.864834:14.539998,40.923214:14.525701,40.994267:14.419148
,,n,40.767628:14.665557,40.745983:14.649485
,,n,40.783077:14.760014,40.760639:14.775587,40.746193:14.772888,40.733299:14.772376,40.72224:14.770517,40.699314:14.775581,40.696064:14.778231,40.682583:14.775099,40.675316:14.772427
,,n,37.506271:15.099549,37.492958:15.074583,37.460415:15.044703,37.340122:14.981425,37.294933:14.851649,37.277222:14.783231,37.182659:14.729206,37.209278:14.6408,37.228909:14.528003,37.145042:14.403731,37.072865:14.259267
,,n,39.310448:8.540223,39.294811:8.642142,39.297012:8.812773,39.304222:8.940468,39.304916:8.965616
,,n,41.465935:15.55582,41.613068:15.895666,41.623013:15.908171
,,n,41.465935:15.55582,41.39743:15.59572,41.315006:15.620552,41.212257:15.542597,41.145386:15.535601,41.079029:15.55052,40.990719:15.646473,40.943115:15.671085,40.922592:15.678349,40.866859:15.725491,40.837193:15.752378,40.788242:15.757184,40.781273:15.777043,40.753328:15.79249,40.715155:15.785277,40.651836:15.802476,40.645317:15.802159,40.643208:15.811547,40.629639:15.806816
,,n,46.789185:11.610767,46.797367:11.669911,46.815033:11.7237,46.798237:11.843004,46.781181:11.905811,46.794071:11.929414,46.76915:12.029251,46.75301:12.107461,46.737026:12.166167,46.734333:12.277634
,,n,44.559868:11.880019,44.510937:11.83176,44.490238:11.825806,44.448826:11.827995,44.436844:11.858642,44.414154:11.914469
,,n,37.966759:13.774828,37.85899:13.693053,37.793797:13.673727,37.653297:13.674781,37.570908:13.674288,37.510033:13.686883,37.381054:13.636694,37.319084:13.588028,37.309227:13.584112
,,n,37.319084:13.588028,37.291859:13.573748,37.2901:13.53183
,,n,37.381054:13.636694,37.409821:13.702826,37.405956:13.727814,37.360043:13.855669,37.43166:13.883286,37.469563:13.997601,37.488396:14.057243,37.536072:14.056621
,,n,37.460415:15.044703,37.561615:14.688742,37.564854:14.46157
,,n,37.460415:15.044703,37.561615:14.688742,37.564854:14.46157,37.606277:14.376018,37.581062:14.289415,37.567135:14.200494,37.536072:14.056621,37.668518:13.88526,37.691257:13.847258,37.708984:13.75602,37.793797:13.673727
,,n,38.109135:13.367422,38.101971:13.362679,38.109409:13.353855,38.132996:13.341265,38.154747:13.322318,38.162567:13.316953,38.174664:13.297293,38.189812:13.288769,38.194725:13.250123,38.171619:13.231573,38.163464:13.218044,38.147682:13.186855,38.171856:13.141161,38.155285:13.096803,38.058525:13.109028,38.065128:13.036931,38.053322:13.007694,38.024364:12.91224,37.970997:12.914429,37.938732:12.856096,37.946384:12.847502,38.017227:12.52023
,,n,37.970997:12.914429,37.806713:12.865613,37.684891:12.799437,37.636284:12.733144,37.652348:12.594613,37.725418:12.509431,37.752518:12.47644,37.793514:12.443197,37.836319:12.477131,37.884834:12.499212,37.945633:12.505507,37.991367:12.551043,38.017227:12.52023
,,n,38.13678:13.356446,38.141087:13.353388,38.145298:13.348378,38.132996:13.341265
,,n,44.810127:10.328608,44.778606:10.258698,44.755268:10.212275,44.712082:10.140874,44.693874:10.101907,44.635529:10.032771,44.614456:9.980441,44.555954:9.931641,44.520142:9.844769,44.486504:9.781523,44.371845:9.887588,44.344292:9.911867,44.331429:9.933416,44.294445:9.948163,44.210464:9.970393,44.15593:9.915606,44.126984:9.889133
,,n,44.867733:10.063809,44.809837:10.147033,44.78228:10.161501,44.74934:10.140209,44.72662:10.116198,44.693874:10.101907
,,n,43.549892:12.834102,43.519878:12.823694,43.462105:12.818341,43.435532:12.851778,43.345116:12.858832,43.345619:12.873847,43.345467:12.905459
,,n,41.079029:15.55052,41.073219:15.678413,40.979073:15.84604,40.939095:15.99002,40.953331:16.086618,40.935165:16.267022,40.825218:16.418989,40.837685:16.551735,40.802467:16.764067,40.796764:16.916468
,,n,37.068893:15.280995,36.907516:15.125765,36.882435:15.074573,36.815948:14.952897,36.777962:14.914219,36.733597:14.847105,36.731918:14.744618,36.790009:14.698913,36.852951:14.754193,36.919258:14.725488,36.882076:14.56888,36.947224:14.600347,36.958755:14.52487,36.996616:14.425172,37.072865:14.259267,37.11359:14.052517,37.106052:13.93826,37.26572:13.946537,37.360043:13.855669
,,n,41.297489:13.241514,41.333256:13.198271,41.36895:13.201103,41.40044:13.210158,41.422054:13.186458
,,n,41.682667:12.780231,41.675232:12.751699,41.674686:12.726186,41.674175:12.689861,41.692577:12.650204,41.710342:12.621574,41.724438:12.610502,41.773991:12.606103,41.788208:12.604437,41.803612:12.599616
,,n,41.72644:12.65846,41.738995:12.649727,41.747051:12.652039,41.768784:12.657452,41.779987:12.634073,41.787216:12.622862,41.79192:12.619214,41.803612:12.599616
,,n,41.81086:12.679939,41.803612:12.599616
,,n,41.642422:12.649298,41.592674:12.639663,41.552174:12.635114,41.513908:12.629557,41.500832:12.625952,41.484116:12.616897,41.475918:12.613978,41.458241:12.618544,41.451927:12.629578,41.459274:12.661872
,,n,40.747078:14.463801,40.726751:14.473559,40.701851:14.483784
,,n,40.690449:14.520149,40.708584:14.503353,40.701851:14.483784
,,n,44.89975:8.86199,44.853046:8.817337,44.797119:8.782868,44.761864:8.786446
,,n,41.872452:12.466135,41.847904:12.455406,41.834488:12.431495,41.824932:12.409358,41.818092:12.344541,41.809756:12.318742,41.798431:12.293951,41.793194:12.252073
,,n,39.294811:8.642142
,,n,40.989155:14.842401,40.993526:14.920753,40.980377:14.994369,40.936535:15.038706,40.89893:15.039017,40.869232:15.031228,40.845009:15.032709,40.839191:15.063093,40.872356:15.095435,40.879204:15.129091,40.874928:15.186126,40.891949:15.239325,40.883297:15.343544,40.886459:15.427701,40.896126:15.486603,41.079029:15.55052
,,n,41.004906:14.067435,40.934753:14.103742,40.871387:14.12256,40.827255:14.126551,40.819462:14.166892,40.819874:14.18718,40.822529:14.194744,40.824268:14.200344,40.831657:14.219502,40.837158:14.233174,40.847733:14.244128,40.854916:14.254589,40.852448:14.272099,40.852383:14.272571
,,n,45.027435:7.657042,45.060791:7.677212
,,n,45.506767:9.134102,45.501926:9.151011,45.494137:9.175215,45.484718:9.18766,45.480267:9.198303,45.476353:9.207788,45.465729:9.217014,45.459888:9.223881,45.480534:9.298468
,,n,45.443001:9.131699,45.443211:9.167361,45.445679:9.213238,45.484798:9.236503
,,n,43.800102:11.236396,43.787369:11.25
,,n,43.608379:13.498807,43.616402:13.506348
,,n,45.502346:9.159293,45.494137:9.175215
,,n,45.433273:9.238429,45.45989:9.223881
,,n,41.11776351928711:16.870075225830078,41.117618560791016:16.87972068786621,41.09040832519531:16.90015983581543,41.06403350830078:16.916542053222656,41.04922103881836:16.923276901245117,41.02885055541992:16.986604690551758,41.01156997680664:17.008411407470703,40.971092224121094:17.115453720092773,40.88698196411133:17.166107177734375,40.875648498535156:17.1497802734375,40.85660171508789:17.12331771850586,40.855628967285156:17.10981559753418,40.79526901245117:17.128543853759766,40.78669738769531:17.2420597076416,40.75:17.316667556762695,40.7373046875:17.426408767700195,40.6893196105957:17.473186492919922,40.64754867553711:17.521286010742188,40.585960388183594:17.566370010375977,40.523162841796875:17.58469009399414,40.427883:17.612246,40.40473556518555:17.63875389099121,40.41343688964844:17.745214462280273,40.421268463134766:17.83655548095703,40.3986701965332:17.94521713256836,40.389766693115234:17.965290069580078,40.3934440612793:18.014650344848633,40.38139724731445:18.04832649230957,40.34535217285156:18.165550231933594
,,n,41.09040832519531:16.90015983581543,41.06932830810547:16.871564865112305,41.06119918823242:16.87179946899414,41.043087005615234:16.87906265258789,41.03171157836914:16.878276824951172,41.006500244140625:16.872041702270508,40.95000076293945:16.916667938232422,40.893070220947266:16.949874877929688,40.91444778442383:17.01744842529297,40.85690689086914:17.109737396240234,40.85660171508789:17.12331771850586
,,n,40.75:17.316667556762695,40.70064163208008:17.331857681274414,40.68836212158203:17.333106994628906,40.64588165283203:17.315162658691406,40.60496139526367:17.23792266845703,40.565635681152344:17.21257209777832,40.49455261230469:17.235307693481445,40.483646392822266:17.224178314208984
,,n,40.38139724731445:18.04832649230957,40.3482551574707:18.053956985473633,40.31520080566406:18.0548095703125,40.268821716308594:18.05394744873047,40.1816291809082:18.040681838989258,40.16172790527344:18.049135208129883,40.09027862548828:18.05625343322754,40.06853485107422:18.052574157714844,40.06138229370117:18.001741409301758,40.05744552612305:17.988340377807617
,,n,40.05744552612305:17.988340377807617,40.052059173583984:17.999807357788086,40.04194259643555:18.018735885620117,39.98093032836914:18.08094024658203,39.96546936035156:18.087684631347656,39.976139068603516:18.120906829833984,40.00318908691406:18.158935546875
,,n,40.16172790527344:18.049135208129883,40.14741134643555:18.06326675415039,40.1165771484375:18.10873031616211,40.070011138916016:18.104324340820313,40.04753494262695:18.12190055847168,40.02933120727539:18.131677627563477,40.00318908691406:18.158935546875,39.9444465637207:18.190589904785156,39.9047966003418:18.25855255126953,39.87069320678711:18.311279296875,39.85865020751953:18.332420349121094,39.850467681884766:18.360750198364258
,,n,40.16172790527344:18.049135208129883,40.17894744873047:18.16470718383789,40.18580627441406:18.211103439331055,40.199058532714844:18.237197875976563
,,n,40.34535217285156:18.165550231933594,40.30401611328125:18.166561126708984,40.26984405517578:18.18520736694336,40.25667190551758:18.206411361694336,40.21831130981445:18.225406646728516,40.199058532714844:18.237197875976563,40.16181182861328:18.26235580444336,40.14793395996094:18.277172088623047,40.125938415527344:18.299959182739258,40.09880828857422:18.334915161132813,40.08367919921875:18.347333908081055,40.05171585083008:18.37047004699707,40.014041900634766:18.359397888183594,39.97968673706055:18.34003257751465,39.96442413330078:18.323150634765625,39.933448791503906:18.352611541748047,39.90458679199219:18.357934951782227,39.89212417602539:18.347000122070313,39.850467681884766:18.360750198364258
,,n,40.125938415527344:18.299959182739258,40.14620590209961:18.354366302490234,40.15607833862305:18.37308692932129,40.14059066772461:18.414165496826172,40.149559020996094:18.4815731048584
,,n,41.1281852722168:16.826162338256836,41.13536071777344:16.78144073486328,41.132423400878906:16.765859603881836,41.11728286743164:16.697772979736328,41.11323928833008:16.684480667114258,41.1177978515625:16.584945678710938,41.12681198120117:16.548603057861328,41.11508560180664:16.479286193847656,41.155113220214844:16.416767120361328,41.23229217529297:16.301485061645508,41.30698776245117:16.288677215576172,41.31523513793945:16.27855682373047
,,n,41.46593475341797:15.55582046508789,41.49957275390625:15.331615447998047
,,n,41.35221481323242:14.368547439575195,41.325462341308594:14.34056282043457,41.272865295410156:14.31429672241211,41.265628814697266:14.323216438293457,41.24864959716797:14.33902645111084,41.2277946472168:14.35791301727295,41.18149948120117:14.364924430847168,41.17173767089844:14.329119682312012,41.14694595336914:14.274888038635254,41.13727951049805:14.25937271118164,41.122314453125:14.249422073364258,41.09237289428711:14.249268531799316,41.0734977722168:14.254096031188965
,,n,41.06855392456055:14.328295707702637,41.04856872558594:14.3960542678833,41.079593658447266:14.418911933898926
,,n,40.994266510009766:14.419148445129395,41.01544189453125:14.479275703430176,41.030433654785156:14.46304988861084,41.0420036315918:14.557229995727539,41.03696060180664:14.595200538635254,41.030643463134766:14.618672370910645,41.03670883178711:14.653782844543457,41.06110763549805:14.705903053283691,41.12687301635742:14.766895294189453,41.13483428955078:14.767271995544434,41.141868591308594:14.770302772521973
,,n,42.43711853027344:12.408556938171387,42.379798889160156:12.371997833251953,42.361351013183594:12.341848373413086,42.33441925048828:12.307463645935059,42.303810119628906:12.258238792419434,42.28249740600586:12.219432830810547,42.25996017456055:12.166359901428223,42.24488067626953:12.157402038574219
,,n,42.57041931152344:12.65129280090332,42.6017951965332:12.579460144042969,42.611915588378906:12.545903205871582,42.65940856933594:12.532904624938965,42.69300842285156:12.542243957519531,42.73643493652344:12.532869338989258,42.72447204589844:12.469611167907715,42.77211380004883:12.418354988098145,42.79236602783203:12.41885757446289,42.80672073364258:12.414319038391113,42.8179931640625:12.403792381286621,42.849761962890625:12.3855619430542,42.91215515136719:12.338089942932129,42.96548080444336:12.374738693237305,42.98930358886719:12.38959789276123,43.012718200683594:12.398776054382324,43.03806686401367:12.403432846069336,43.08100128173828:12.423254013061523,43.091957092285156:12.438068389892578
,,n,43.79524612426758:11.714446067810059,43.7877311706543:11.723084449768066,43.74456787109375:11.746365547180176,43.7303466796875:11.767939567565918,43.71150588989258:11.78563117980957,43.6934814453125:11.809327125549316,43.686065673828125:11.825777053833008,43.64961242675781:11.836357116699219,43.628074645996094:11.853787422180176,43.612335205078125:11.863999366760254,43.596927642822266:11.871307373046875,43.573734283447266:11.865446090698242,43.56365966796875:11.857131004333496,43.52677536010742:11.86451244354248,43.49434280395508:11.872556686401367,43.47001647949219:11.8674955368042,43.46098709106445:11.875534057617188
,,n,43.46098709106445:11.875534057617188,43.46289825439453:11.858128547668457,43.457271575927734:11.827178955078125,43.40132141113281:11.769343376159668,43.38618469238281:11.752119064331055,43.3320426940918:11.73161506652832,43.288516998291016:11.771833419799805,43.240352630615234:11.796966552734375,43.21625518798828:11.744861602783203
,,n,44.838157653808594:12.102986335754395,44.805904388427734:12.014541625976563,44.796871185302734:11.976211547851563,44.78456497192383:11.95412540435791,44.770999908447266:11.939642906188965,44.74946212768555:11.935562133789063,44.75166320800781:11.897897720336914,44.76882553100586:11.87586498260498,44.782108306884766:11.841463088989258,44.79442596435547:11.798179626464844,44.80610275268555:11.741081237792969,44.80539321899414:11.712306022644043,44.802154541015625:11.695955276489258,44.81386947631836:11.665247917175293,44.84104919433594:11.602163314819336
,,n,44.84104919433594:11.602163314819336,44.86039733886719:11.50596809387207,44.903221130371094:11.412894248962402,44.92878723144531:11.394564628601074,44.95241928100586:11.369997024536133,44.97306823730469:11.339909553527832,44.99818420410156:11.291953086853027,45.000492095947266:11.222062110900879,45.00400924682617:11.183588027954102,44.98076629638672:11.124730110168457,44.993141174316406:11.076472282409668,44.99879455566406:11.018572807312012,45.003971099853516:10.983200073242188,45.037933349609375:10.927727699279785,45.002254486083984:10.854914665222168,44.9943962097168:10.755776405334473,44.97822952270508:10.726737976074219,44.96037673950195:10.692524909973145,44.93098068237305:10.682682037353516,44.917964935302734:10.654221534729004,44.902339935302734:10.631757736206055,44.89685821533203:10.611235618591309,44.906028747558594:10.557380676269531,44.90190887451172:10.528759002685547,44.86808395385742:10.478177070617676,44.8453483581543:10.448701858520508,44.82905197143555:10.395926475524902,44.81012725830078:10.328607559204102
,,n,45.06044387817383:12.05423355102539,45.137821197509766:12.092666625976563,45.198570251464844:12.051612854003906,45.249900817871094:12.026965141296387,45.27766799926758:12.041751861572266,45.296390533447266:12.043370246887207,45.32058334350586:12.054192543029785,45.340511322021484:12.07415771484375,45.35776138305664:12.092568397521973,45.362579345703125:12.09271240234375,45.38622283935547:12.098663330078125,45.4326057434082:12.136884689331055,45.45476531982422:12.17506217956543,45.483612060546875:12.211009979248047,45.48263168334961:12.231910705566406
,,n,46.095001220703125:13.424166679382324,46.09000015258789:13.390556335449219,46.08833312988281:13.373056411743164,46.08250045776367:13.32027816772461,46.07295227050781:13.286165237426758,46.055824279785156:13.241958618164063